Workbook

Sheet Tổng quan
A1: Đặc tả hệ thống mục tiêu: internship_parser (Nhóm 12 – CSE703093)
A3: Đề tài | B3: Fuzzing white-box testing cho hệ thống quản lý thực tập sinh viên
A4: Thành viên | B4: Nguyễn Phương Ngân-23010450; Đỗ Nguyên Anh Vũ-23010334
A5: Chương trình mục tiêu | B5: targets/internship_parser.c (bản có lỗi, 308 dòng), targets/internship_parser_fixed.c (bản vá, 225 dòng)
A6: Mẫu đặc tả | B6: Template_Report_iot_gateway_auth (Mã yêu cầu / Loại / Ưu tiên / Nội dung; test case truy vết)
A7: Nội dung các sheet | B7: Đặc tả yêu cầu · Định dạng payload · Đặc tả hàm · Test case · Truy vết BUG · Kết quả fuzz
A9: Thống kê (công thức)
A10: Số yêu cầu REQ | B10: =COUNTIF('Đặc tả yêu cầu'!$A$4:$A$19,"REQ-*") -> 9
A11: Số yêu cầu phi chức năng NFR | B11: =COUNTIF('Đặc tả yêu cầu'!$A$4:$A$19,"NFR-*") -> 2
A12: Số ràng buộc CON | B12: =COUNTIF('Đặc tả yêu cầu'!$A$4:$A$19,"CON-*") -> 5
A13: Yêu cầu ưu tiên HIGH | B13: =COUNTIFS('Đặc tả yêu cầu'!$C$4:$C$19,"HIGH",'Đặc tả yêu cầu'!$A$4:$A$19,"REQ-*") -> 5
A14: Yêu cầu bị vi phạm ở bản buggy | B14: =COUNTIF('Đặc tả yêu cầu'!$F$4:$F$19,"Vi phạm") -> 7
A15: Yêu cầu bị vi phạm ở bản fixed | B15: =COUNTIF('Đặc tả yêu cầu'!$G$4:$G$19,"Vi phạm") -> 0
A16: Số test case | B16: =COUNTA('Test case'!$A$4:$A$13) -> 10
A17: Test case ĐẠT | B17: =COUNTIF('Test case'!$M$4:$M$13,"ĐẠT") -> 10
A18: Tỷ lệ test case ĐẠT | B18: =B17/B16 -> 1

Sheet Seed data & Bounded
A1: SEED DATA, BOUNDED INPUT VÀ QUY TRÌNH FUZZING
A2: Mục | B2: Nội dung | C2: Giải thích / ví dụ | D2: Nguồn trong project
A3: Mục đích | B3: Làm rõ dữ liệu đầu vào ban đầu (seed), cách tạo input của từng chiến lược và ý nghĩa bounded. | C3: Seed là payload khởi đầu để fuzzer biến đổi; không đồng nghĩa với toàn bộ dữ liệu của 3.000 lần chạy. | D3: scripts/cov_fuzz.py; scripts/common.py
A4: Cấu trúc payload | B4: status_code (4 byte uint32 LE) | code_a (4 byte int32 LE) | code_b (4 byte int32 LE) | sent_bytes (4 byte int32 LE) | queued_bytes (4 byte int32 LE) | student_id_len (1 byte) | student_id (N byte) | extra (các byte còn lại). | C4: Header tối thiểu 21 byte. Giá trị số được đóng gói little-endian bằng struct '<IiiiiB'. | D4: Sheet 'Định dạng payload'; scripts/common.py
A5: Seed WB-1 (lần chạy đầu) | B5: status=0; code_a=0; code_b=0; sent=0; queued=0; student_id=b'SV001\x00'; extra=b''. | C5: Payload hợp lệ cơ bản, mã sinh viên có byte NUL kết thúc. Dùng make_payload() mặc định. | D5: scripts/common.py; scripts/cov_fuzz.py: queue khởi tạo
A6: Seed WB-2 (lần chạy thứ hai) | B6: status=0; code_a=0; code_b=0; sent=0; queued=0; student_id=b'SV002\x00'; extra=b'hello'. | C6: Biến thể có dữ liệu thừa để khởi đầu corpus white-box. | D6: scripts/cov_fuzz.py: queue khởi tạo
A7: Black-box (toàn miền) | B7: Mỗi vòng sinh payload byte ngẫu nhiên với độ dài từ 21 đến 119 byte (n = randrange(21,120)). | C7: Không dùng feedback coverage để quyết định input tiếp theo. Seed số 1/2/3 khởi tạo bộ sinh ngẫu nhiên, không phải payload cố định. | D7: scripts/cov_fuzz.py: gen_blackbox()
A8: Black-box (bounded) | B8: status: [0, 2^23-1]; code_a/code_b: [0, 9999]; sent/queued: [0, 2^31-1]; student_id: 0–31 ký tự ASCII in được rồi thêm NUL; extra: 0–47 ký tự ASCII in được. Tập trung miền nghiệp vụ + gần biên (giá trị nhỏ, gần ngưỡng, độ dài ID quanh 15–31). | C8: Bounded sinh input trong miền nghiệp vụ và gần biên để dễ kích hoạt overflow/ID dài, int overflow gần ngưỡng. Khi phát hiện lỗi hoặc tăng coverage, payload được lưu vào corpus; các seed/corpus thú vị được đưa cho white-box để kiểm soát và mở rộng số lượng lỗi có thể phát hiện. | D8: scripts/cov_fuzz.py: gen_bounded(); corpus → white-box
A9: White-box (coverage-guided) | B9: Hai seed khởi tạo như WB-1 và WB-2; sau đó mutation theo trường, ưu tiên hằng số/giá trị sát biên trích từ điều kiện trong mã nguồn. Có thể nạp thêm corpus thú vị từ black-box/bounded. | C9: Payload được giữ lại trong queue khi phát hiện khối cơ bản mới. Coverage dùng để dẫn hướng. Kết hợp seed ban đầu + corpus từ bounded giúp kiểm soát tốt hơn không gian lỗi (magic status, unlock pair…). | D9: scripts/cov_fuzz.py: static_dictionary(), mutate(), queue; corpus từ bounded
A10: Giá trị mục tiêu cần chú ý | B10: MAGIC_STATUS=0x494E54; status=0xDEAD; cặp unlock=(7421,3390); TELEMETRY_LIMIT=2.000.000.000; ID đích tối đa 15 ký tự + NUL; local buffer=16 byte; session buffer=32 byte. | C10: Các giá trị này là điều kiện đặc biệt/giới hạn trong mã. White-box có thể thử giá trị hằng số và giá trị kề cận (c-1, c, c+1). | D10: targets/internship_parser.c; scripts/cov_fuzz.py: static_dictionary()
A11: Làm rõ thuật ngữ bounded | B11: Bounded = sinh dữ liệu trong miền giá trị giới hạn (constrained random) theo giả định nghiệp vụ, đồng thời ưu tiên các giá trị gần biên (độ dài ID quanh 15/16/31, status/code gần ngưỡng đã chọn). Không chỉ random thuần trong khoảng, mà phục vụ kiểm tra vùng biên khi phát hiện lỗi. | C11: Khi phát hiện lỗi hoặc đạt coverage mới, payload được lưu. Các payload này (cùng payload BUG-xx) được dùng làm seed bổ sung cho white-box → giúp white-box kiểm soát số lượng và loại lỗi có thể có trong ngân sách 3.000 lần chạy. | D11: Báo cáo mục 3.3; scripts/cov_fuzz.py; out/fuzz/*/corpus
A12: Quy trình | B12: (1) Chạy black-box toàn miền để lấy lỗi/payload; (2) Chạy black-box bounded tập trung miền nghiệp vụ + gần biên, lưu corpus khi có lỗi hoặc coverage mới; (3) Đưa payload tái hiện lỗi và payload thú vị từ (1)+(2) vào corpus/seed của white-box; (4) White-box chạy coverage-guided để kiểm soát và mở rộng tập lỗi; lưu log, loại lỗi và coverage. | C12: Quy trình đã được mô tả trong báo cáo và README. Seed WB-1/WB-2 là điểm xuất phát; corpus từ bounded và payload BUG-xx bổ sung cho white-box. Kết quả 9 chiến dịch nằm trong out/fuzz_summary.json. | D12: Báo cáo mục 3.3 & 4; README; out/fuzz/, out/evidence/
A13: Phân biệt seed và seed RNG | B13: Seed payload là tệp byte đầu vào cho chương trình. Seed RNG (ví dụ 1, 2, 3) là số khởi tạo bộ sinh ngẫu nhiên để tái lập chuỗi sinh input. | C13: Trong bảng 'Kết quả fuzz', cột 'Seed' đang là seed RNG của từng chiến dịch, không phải tên payload đầu vào. | D13: Sheet 'Kết quả fuzz'; scripts/cov_fuzz.py

Sheet Đặc tả yêu cầu
A1: Đặc tả yêu cầu – internship_parser (Hệ thống Quản lý Thực tập Sinh viên)
A3: Mã yêu cầu | B3: Loại | C3: Ưu tiên | D3: Nội dung | E3: Vị trí trong mã nguồn | F3: Kiểm chứng bản buggy | G3: Kiểm chứng bản fixed
A4: REQ-1 | B4: memory | C4: HIGH | D4: Hàm phân tích mã sinh viên (parse_student_id) không được ghi vượt bộ đệm student_id[16] với mọi giá trị student_id_len (0–255) và mọi nội dung, kể cả chuỗi không có byte NUL kết thúc. | E4: parse_student_id (dòng 69–78) | F4: Vi phạm | G4: Đạt
A5: REQ-2 | B5: memory | C5: HIGH | D5: Khi status_code = MAGIC_STATUS (0x494E54), hàm check_status_magic không được chép quá 15 byte dữ liệu thừa vào local[16]. | E5: check_status_magic (dòng 135–147) | F5: Vi phạm | G5: Đạt
A6: REQ-3 | B6: safety | C6: HIGH | D6: Hàm device_unlock_code không được ghi qua con trỏ NULL với bất kỳ cặp (code_a, code_b), kể cả cặp đặc biệt (7421, 3390). | E6: device_unlock_code (dòng 153–162) | F6: Vi phạm | G6: Đạt
A7: REQ-4 | B7: memory | C7: MEDIUM | D7: write_log_entry phải giải phóng bản ghi LogEntry đã cấp phát khi cấp phát vùng nhớ nội dung thất bại (không rò rỉ bộ nhớ). | E7: write_log_entry (dòng 84–99) | F7: Vi phạm | G7: Đạt
A8: REQ-5 | B8: memory | C8: HIGH | D8: Phiên (SessionBuffer) chỉ được giải phóng đúng một lần; đường xử lý status_code = MAGIC_STATUS không được gọi close_session hai lần trên cùng con trỏ. | E8: close_session (105–115); process_application_payload (dòng 255–259) | F8: Vi phạm | G8: Đạt
A9: REQ-6 | B9: memory | C9: HIGH | D9: Sau khi giải phóng bộ đệm phiên, không được đọc/ghi con trỏ đó nữa (đường status_code = 0xDEAD). | E9: release_session_buffer (dòng 121–129) | F9: Vi phạm | G9: Đạt
A10: REQ-7 | B10: safety | C10: MEDIUM | D10: Bộ đếm telemetry sent + queued (int32) không được tràn số; giá trị vượt giới hạn phải bị từ chối trước khi cộng. | E10: telemetry_byte_counter (dòng 167–176) | F10: Vi phạm | G10: Đạt
A11: REQ-8 | B11: testability | C11: LOW | D11: Các nhánh điều kiện hẹp (status 0x494E54, status 0xDEAD, cặp mở khóa (7421, 3390)) phải kiểm thử được bằng fuzzing có dẫn hướng (white-box/coverage-guided), vì black-box gần như không đoán trúng. | E11: Toàn bộ chương trình; xem sheet 'Kết quả fuzz' | F11: Đạt | G11: Đạt
A12: REQ-9 | B12: functional | C12: MEDIUM | D12: Đầu vào ngắn hơn 21 byte (header) phải bị từ chối bằng mã -1 mà không đọc ngoài biên; đầu vào rỗng phải trả mã 1 kèm thông báo 'Empty input'. | E12: process_application_payload (dòng 209–211); main (dòng 302–305) | F12: Đạt | G12: Đạt
A13: NFR-1 | B13: non_functional | C13: MEDIUM | D13: Mỗi lần thực thi với đầu vào ≤ 512 byte phải kết thúc trong 1 giây (không treo/hang). Ngưỡng 1 giây là timeout của harness fuzz. | E13: Toàn bộ chương trình (không có vòng lặp phụ thuộc đầu vào) | F13: Đạt | G13: Đạt
A14: NFR-2 | B14: non_functional | C14: MEDIUM | D14: Mỗi lỗi phải tái hiện được chỉ bằng một tệp payload đơn lẻ, và log sanitizer phải nêu loại lỗi, hàm và số dòng. Ngoại lệ: BUG-04 cần harness ép malloc thất bại. | E14: out/evidence/*.bin, *.log | F14: Đạt một phần | G14: Đạt
... A19: CON-5 | B19: constraint | C19: LOW | D19: Các hằng số điều kiện đặc biệt: MAGIC_STATUS = 0x494E54 ('INT'), mã 0xDEAD, MAGIC_UNLOCK_A = 7421, MAGIC_UNLOCK_B = 3390. | E19: #define (dòng 32–34); 0xDEAD nằm trong process_application_payload | F19: – | G19: –

Sheet Định dạng payload
A1: Định dạng payload nhị phân (đầu vào duy nhất của chương trình)
A3: Offset (byte) | B3: Độ dài (byte) | C3: Kiểu | D3: Trường | E3: Thứ tự byte / ghi chú | F3: Ý nghĩa và giá trị đặc biệt | G3: Trường API tương ứng | H3: Hàm sử dụng | I3: Yêu cầu liên quan
A4: 0 | B4: 4 | C4: uint32 | D4: status_code | E4: Little-endian (x86) | F4: Mã trạng thái đơn. 0x494E54 → đường magic/close_session hai lần; 0xDEAD → đường use-after-free. | G4: ApplicationStatus | H4: check_status_magic; process_application_payload | I4: REQ-2, REQ-5, REQ-6
A5: 4 | B5: 4 | C5: int32 | D5: code_a | E5: Little-endian | F5: Thành phần thứ nhất của mã mở khóa; giá trị đặc biệt 7421. | G5: Mã mở khóa thiết bị | H5: device_unlock_code | I5: REQ-3
A6: 8 | B6: 4 | C6: int32 | D6: code_b | E6: Little-endian | F6: Thành phần thứ hai của mã mở khóa; giá trị đặc biệt 3390. | G6: Mã mở khóa thiết bị | H6: device_unlock_code | I6: REQ-3
A7: 12 | B7: 4 | C7: int32 | D7: sent_bytes | E7: Little-endian | F7: Số byte đã gửi (telemetry). | G7: Bộ đếm telemetry | H7: telemetry_byte_counter | I7: REQ-7
A8: 16 | B8: 4 | C8: int32 | D8: queued_bytes | E8: Little-endian | F8: Số byte đang chờ gửi (telemetry). | G8: Bộ đếm telemetry | H8: telemetry_byte_counter | I8: REQ-7
A9: 20 | B9: 1 | C9: uint8 | D9: student_id_len | E9: – | F9: Độ dài khai báo của mã sinh viên, 0–255. Không được tin cậy. | G9: studentId (độ dài) | H9: process_application_payload | I9: REQ-1
A10: 21 | B10: student_id_len | C10: byte[] | D10: student_id | E10: Không bắt buộc kết thúc bằng NUL | F10: Nội dung mã sinh viên thô. Đích chỉ có 16 byte (CON-2). | G10: studentId | H10: parse_student_id | I10: REQ-1
A11: 21 + student_id_len | B11: còn lại (≤ 512 − 21 − id_len) | C11: byte[] | D11: rest (dữ liệu thừa) | E11: – | F11: Dữ liệu còn lại: chép vào local[16] khi status magic, vào phiên 32 byte, và 32 byte đầu của payload làm nội dung log. | G11: Nội dung đơn / nhật ký | H11: check_status_magic; write_log_entry; allocate_session | I11: REQ-2, REQ-4, REQ-5

Sheet Đặc tả hàm
A1: Đặc tả từng hàm: tiền điều kiện, hậu điều kiện, hành vi mong đợi và hành vi thực tế
A3: Hàm | B3: Dòng bắt đầu | C3: Chữ ký | D3: Tiền điều kiện | E3: Hậu điều kiện (hành vi mong đợi) | F3: Hành vi thực tế – bản buggy | G3: Hành vi – bản fixed | H3: Yêu cầu / ràng buộc | I3: BUG | J3: CWE
A4: parse_student_id | B4: 69 | C4: (const char *raw_id, size_t raw_len, char *out_id) → void | D4: raw_id trỏ tới dữ liệu thô (không bảo đảm có NUL); out_id trỏ tới mảng 16 byte. | E4: out_id chứa chuỗi kết thúc NUL, không quá 15 ký tự. | F4: strcpy(out_id, raw_id) không giới hạn → ghi vượt out_id[16] khi chuỗi từ 16 byte trở lên hoặc không có NUL. | G4: memcpy với n = min(raw_len, 15) rồi gán NUL cuối. | H4: REQ-1; CON-2 | I4: BUG-01 | J4: CWE-120
A5: write_log_entry | B5: 84 | C5: (const char *msg, size_t msg_len) → LogEntry* | D5: msg_len ≤ 32 (do caller giới hạn). | E5: Trả về bản ghi hợp lệ hoặc NULL; không rò bộ nhớ trong cả hai trường hợp. | F5: Khi malloc nội dung thất bại, thoát mà không free(entry) → rò rỉ 24 byte. | G5: Gọi free(entry) trước khi trả NULL. | H5: REQ-4; CON-3 | I5: BUG-04 | J5: CWE-401
A6: close_session | B6: 105 | C6: (SessionBuffer *sess) → void | D6: sess hợp lệ, chưa bị giải phóng, hoặc NULL. | E6: sess và sess->buf được giải phóng đúng một lần. | F6: Caller gọi hai lần trên cùng con trỏ: lần hai đọc sess->buf trên vùng đã free (ASan báo heap-use-after-free) rồi free lần hai. | G6: Chỉ giải phóng một lần; caller không gọi lại. | H6: REQ-5 | I6: BUG-05 | J6: CWE-415
A7: release_session_buffer | B7: 121 | C7: (SessionBuffer *sess) → void | D7: sess hợp lệ hoặc NULL. | E7: Bộ đệm phiên được giải phóng, không truy cập sau đó. | F7: free(sess->buf) rồi ghi sess->buf[0] = 'X' → ghi vào vùng đã giải phóng. | G7: Không ghi sau free; đặt buf = NULL. | H7: REQ-6 | I7: BUG-06 | J7: CWE-416
A8: check_status_magic | B8: 135 | C8: (uint32_t status_code, const char *payload, size_t plen) → int | D8: payload trỏ tới dữ liệu thừa dài plen byte. | E8: Trả 1 nếu status = 0x494E54, ngược lại 0; không ghi quá local[16]. | F8: Khi status = magic, memcpy(local, payload, plen) không kiểm tra plen ≤ 16 → tràn stack khi plen > 16. | G8: Giới hạn n ≤ sizeof(local) − 1. | H8: REQ-2 | I8: BUG-02 | J8: CWE-120
A9: device_unlock_code | B9: 153 | C9: (int code_a, int code_b) → int | D9: Mọi giá trị int. | E9: Trả 1 nếu (code_a, code_b) = (7421, 3390), ngược lại 0; không crash. | F9: Với cặp (7421, 3390): char *p = NULL; *p = 42; → ghi qua con trỏ NULL (SEGV). | G9: Chỉ trả mã 1. | H9: REQ-3; CON-5 | I9: BUG-03 | J9: CWE-476
A10: telemetry_byte_counter | B10: 167 | C10: (int32_t sent, int32_t queued) → int | D10: sent, queued là int32 (có thể âm). | E10: Trả tổng nếu hợp lệ; trả −1 nếu vượt TELEMETRY_LIMIT, −2 nếu có số âm (bản fixed); không tràn. | F10: int32_t total = sent + queued không kiểm tra tràn → hành vi không xác định khi tổng > INT32_MAX. | G10: Kiểm tra sent > LIMIT − queued trước khi cộng. | H10: REQ-7; CON-4 | I10: BUG-07 | J10: CWE-190
A11: allocate_session | B11: 181 | C11: (size_t size) → SessionBuffer* | D11: size > 0. | E11: Trả phiên đã khởi tạo bằng 0 hoặc NULL; không rò bộ nhớ khi malloc thứ hai thất bại. | F11: Đúng theo đặc tả (không có lỗi). | G11: Không đổi. | H11: CON-3 | I11: – | J11: –
A12: process_application_payload | B12: 209 | C12: (const uint8_t *data, size_t len) → int | D12: data trỏ tới len byte (len ≤ 512). | E12: Trả −1 nếu len < 21; ngược lại 0. Mọi vùng nhớ đã cấp phát đều được giải phóng đúng một lần. | F12: Gọi các hàm trên theo thứ tự; tạo đường close_session hai lần (status 0x494E54) và use-after-free (status 0xDEAD). | G12: Bỏ đường gọi hai lần; các hàm con đã vá. | H12: REQ-1…REQ-9 | I12: BUG-05, BUG-06 (đường gọi) | J12: CWE-415, CWE-416
A13: main | B13: 285 | C13: (int argc, char *argv[]) → int | D13: argv[1] là đường dẫn tệp, hoặc đọc từ stdin. | E13: Trả 1 khi không mở được tệp hoặc đầu vào rỗng; ngược lại trả kết quả của process_application_payload. | F13: Đúng theo đặc tả. | G13: Không đổi. | H13: REQ-9; CON-1 | I13: – | J13: –

Sheet Test case
A1: Test case truy vết từ đặc tả
A3: ID | B3: Ưu tiên | C3: Tiêu đề | D3: Truy vết yêu cầu | E3: Kết quả mong đợi | F3: Payload / harness | G3: Log bằng chứng (out/evidence/) | H3: Kết quả thực tế (tóm tắt) | I3: Thực tế – bản buggy | J3: Thực tế – bản fixed | K3: Kỳ vọng – bản buggy | L3: Kỳ vọng – bản fixed | M3: Trạng thái
A4: TC-1 | B4: HIGH | C4: studentId 64 byte 'A' (vượt 15 ký tự) | D4: REQ-1 | E4: Bản buggy bị ASan báo stack-buffer-overflow tại parse_student_id; bản fixed chạy sạch. | F4: BUG-01_overflow_student_id.bin | G4: BUG-01_overflow_student_id.buggy.log | H4: ASan: stack-buffer-overflow (WRITE 65 byte), parse_student_id dòng 72 | I4: Có lỗi | J4: Không lỗi | K4: Có lỗi | L4: Không lỗi | M4: =IF(AND(I4=K4,J4=L4),"ĐẠT","KHÔNG ĐẠT") -> ĐẠT
A5: TC-2 | B5: HIGH | C5: status = 0x494E54, ID ngắn có NUL, 40 byte dữ liệu thừa | D5: REQ-2 | E5: Bản buggy bị ASan báo stack-buffer-overflow tại check_status_magic; bản fixed chạy sạch. | F5: BUG-02_overflow_magic_status.bin | G5: BUG-02_overflow_magic_status.buggy.log | H5: ASan: stack-buffer-overflow (WRITE 40 byte), check_status_magic dòng 141 | I5: Có lỗi | J5: Không lỗi | K5: Có lỗi | L5: Không lỗi | M5: =IF(AND(I5=K5,J5=L5),"ĐẠT","KHÔNG ĐẠT") -> ĐẠT
A6: TC-3 | B6: HIGH | C6: Cặp mở khóa (7421, 3390) | D6: REQ-3 | E6: Bản buggy bị UBSan/ASan báo ghi qua con trỏ NULL; bản fixed chạy sạch. | F6: BUG-03_null_deref_unlock.bin | G6: BUG-03_null_deref_unlock.buggy.log | H6: UBSan: store to null pointer + ASan SEGV, device_unlock_code dòng 158 | I6: Có lỗi | J6: Không lỗi | K6: Có lỗi | L6: Không lỗi | M6: =IF(AND(I6=K6,J6=L6),"ĐẠT","KHÔNG ĐẠT") -> ĐẠT
A7: TC-4 | B7: MEDIUM | C7: write_log_entry với malloc thất bại (harness ép msg_len = 1<<62) | D7: REQ-4 | E7: Bản buggy bị LSan báo rò rỉ 24 byte; bản fixed không rò rỉ. | F7: leak_harness.c (không dùng payload) | G7: BUG-04_leak_write_log_entry.buggy.log | H7: LSan: 24 byte rò rỉ, write_log_entry dòng 86 | I7: Có lỗi | J7: Không lỗi | K7: Có lỗi | L7: Không lỗi | M7: =IF(AND(I7=K7,J7=L7),"ĐẠT","KHÔNG ĐẠT") -> ĐẠT
A8: TC-5 | B8: HIGH | C8: status = 0x494E54, ID ngắn, không có dữ liệu thừa (close_session hai lần) | D8: REQ-5 | E8: Bản buggy bị ASan báo lỗi bộ nhớ tại close_session; bản fixed chạy sạch. | F8: BUG-05_double_free_close_session.bin | G8: BUG-05_double_free_close_session.buggy.log | H8: ASan: heap-use-after-free (READ 8 byte), close_session dòng 109 | I8: Có lỗi | J8: Không lỗi | K8: Có lỗi | L8: Không lỗi | M8: =IF(AND(I8=K8,J8=L8),"ĐẠT","KHÔNG ĐẠT") -> ĐẠT
A9: TC-6 | B9: HIGH | C9: status = 0xDEAD, ID ngắn (ghi sau free) | D9: REQ-6 | E9: Bản buggy bị ASan báo heap-use-after-free tại release_session_buffer; bản fixed chạy sạch. | F9: BUG-06_uaf_release_buffer.bin | G9: BUG-06_uaf_release_buffer.buggy.log | H9: ASan: heap-use-after-free (WRITE 1 byte), release_session_buffer dòng 126 | I9: Có lỗi | J9: Không lỗi | K9: Có lỗi | L9: Không lỗi | M9: =IF(AND(I9=K9,J9=L9),"ĐẠT","KHÔNG ĐẠT") -> ĐẠT
A10: TC-7 | B10: MEDIUM | C10: sent = 1.500.000.000, queued = 1.000.000.000 | D10: REQ-7 | E10: Bản buggy bị UBSan báo signed integer overflow; bản fixed từ chối an toàn. | F10: BUG-07_int_overflow_telemetry.bin | G10: BUG-07_int_overflow_telemetry.buggy.log | H10: UBSan: signed integer overflow, telemetry_byte_counter dòng 170 (mã thoát 0) | I10: Có lỗi | J10: Không lỗi | K10: Có lỗi | L10: Không lỗi | M10: =IF(AND(I10=K10,J10=L10),"ĐẠT","KHÔNG ĐẠT") -> ĐẠT
A11: TC-8 | B11: LOW | C11: So sánh fuzz: white-box tìm được ≥ 5 loại lỗi, black-box ≤ 2 loại trong 3.000 lần/seed | D11: REQ-8 | E11: White-box tìm tối thiểu 5 loại lỗi ở cả 3 seed; black-box (cả hai biến thể) tối đa 2 loại. | F11: scripts/cov_fuzz.py | G11: out/fuzz_summary.json | H11: Xem sheet 'Kết quả fuzz' | I11: =IF(AND(MIN('Kết quả fuzz'!I10:I12)>=5,MAX('Kết quả fuzz'!I4:I6)<=2,MAX('Kết quả fuzz'!I7:I9)<=2),"Đạt","Không đạt") -> Đạt | J11: – | K11: Đạt | L11: – | M11: =IF(AND(I11=K11,J11=L11),"ĐẠT","KHÔNG ĐẠT") -> ĐẠT
A12: TC-9 | B12: MEDIUM | C12: Đầu vào 10 byte (ngắn hơn header 21 byte) | D12: REQ-9 | E12: Cả hai bản trả mã 255 (−1), không lỗi sanitizer. | F12: TC-09_short_input.bin | G12: TC-09_short_input.buggy.log | H12: Mã thoát 255, log rỗng | I12: Không lỗi | J12: Không lỗi | K12: Không lỗi | L12: Không lỗi | M12: =IF(AND(I12=K12,J12=L12),"ĐẠT","KHÔNG ĐẠT") -> ĐẠT
A13: TC-10 | B13: MEDIUM | C13: Tệp rỗng; và không có lần chạy nào quá 1 giây trong 27.000 lần fuzz | D13: REQ-9, NFR-1 | E13: Tệp rỗng: mã 1 + 'Empty input'; tổng số hang bằng 0. | F13: TC-10_empty_input.bin | G13: TC-10_empty_input.buggy.log | H13: Mã thoát 1, thông báo 'Empty input'; hang xem sheet 'Kết quả fuzz' | I13: =IF('Kết quả fuzz'!J16+'Kết quả fuzz'!J17+'Kết quả fuzz'!J18=0,"Không lỗi","Có hang") -> Không lỗi | J13: Không lỗi | K13: Không lỗi | L13: Không lỗi | M13: =IF(AND(I13=K13,J13=L13),"ĐẠT","KHÔNG ĐẠT") -> ĐẠT

Sheet Truy vết BUG
A1: Truy vết BUG – yêu cầu – CWE – CVE – test case
A3: BUG | B3: Hàm | C3: Dòng lỗi | D3: CWE | E3: Tên CWE | F3: CVE cùng lớp lỗi (minh họa) | G3: Mức rủi ro (nhóm đánh giá) | H3: Yêu cầu bị vi phạm | I3: Test case
A4: BUG-01 | B4: parse_student_id | C4: 72 | D4: CWE-120 | E4: Buffer Copy without Checking Size of Input | F4: CVE-2023-42801 | G4: Cao | H4: REQ-1 | I4: TC-1
A5: BUG-02 | B5: check_status_magic | C5: 141 | D5: CWE-120 | E5: Buffer Copy without Checking Size of Input | F5: CVE-2023-42801 | G5: Cao | H5: REQ-2 | I5: TC-2
A6: BUG-03 | B6: device_unlock_code | C6: 158 | D6: CWE-476 | E6: NULL Pointer Dereference | F6: CVE-2021-34798 | G6: Trung bình | H6: REQ-3 | I6: TC-3
A7: BUG-04 | B7: write_log_entry | C7: 86 | D7: CWE-401 | E7: Missing Release of Memory after Effective Lifetime | F7: CVE-2023-53017 | G7: Thấp–Trung bình | H7: REQ-4 | I7: TC-4
A8: BUG-05 | B8: close_session | C8: 109 | D8: CWE-415 | E8: Double Free (ASan báo heap-use-after-free trước) | F8: CVE-2023-45664 | G8: Cao | H8: REQ-5 | I8: TC-5
A9: BUG-06 | B9: release_session_buffer | C9: 126 | D9: CWE-416 | E9: Use After Free | F9: CVE-2024-4741 | G9: Cao | H9: REQ-6 | I9: TC-6
A10: BUG-07 | B10: telemetry_byte_counter | C10: 170 | D10: CWE-190 | E10: Integer Overflow or Wraparound | F10: CVE-2021-30860 | G10: Trung bình–Cao | H10: REQ-7 | I10: TC-7

Sheet Kết quả fuzz
A1: Kết quả fuzz: 9 chiến dịch × 3.000 lần thực thi (3 chiến lược × 3 seed)
A3: Chiến lược | B3: Seed | C3: Số lần chạy | D3: Khối cơ bản đã phủ | E3: Trạng thái sinh ra | F3: Seed đạt phủ mới | G3: Phủ dòng (gcov, %) | H3: Nhánh được đi (gcov, %) | I3: Số loại lỗi tìm thấy | J3: Hang | K3: Thời gian (giây)
A4: Black-box (toàn miền) | B4: 1 | C4: 3000 | D4: 56 | E4: 11 | F4: 4 | G4: 70.91 | H4: 44.44 | I4: 2 | J4: 0 | K4: 169.2
A5: Black-box (toàn miền) | B5: 2 | C5: 3000 | D5: 56 | E5: 9 | F5: 4 | G5: 70.91 | H5: 44.44 | I5: 2 | J5: 0 | K5: 156
A6: Black-box (toàn miền) | B6: 3 | C6: 3000 | D6: 56 | E6: 9 | F6: 4 | G6: 70.91 | H6: 42.59 | I6: 2 | J6: 0 | K6: 157.1
A7: Black-box (bounded) | B7: 1 | C7: 3000 | D7: 56 | E7: 7 | F7: 3 | G7: 70.91 | H7: 44.44 | I7: 2 | J7: 0 | K7: 130.6
A8: Black-box (bounded) | B8: 2 | C8: 3000 | D8: 56 | E8: 7 | F8: 4 | G8: 70.91 | H8: 44.44 | I8: 2 | J8: 0 | K8: 124.2
A9: Black-box (bounded) | B9: 3 | C9: 3000 | D9: 56 | E9: 7 | F9: 3 | G9: 70.91 | H9: 44.44 | I9: 2 | J9: 0 | K9: 128.6
A10: White-box (coverage-guided) | B10: 1 | C10: 3000 | D10: 74 | E10: 24 | F10: 8 | G10: 91.82 | H10: 66.67 | I10: 6 | J10: 0 | K10: 62.5
A11: White-box (coverage-guided) | B11: 2 | C11: 3000 | D11: 73 | E11: 20 | F11: 7 | G11: 89.09 | H11: 64.81 | I11: 5 | J11: 0 | K11: 49.1
A12: White-box (coverage-guided) | B12: 3 | C12: 3000 | D12: 73 | E12: 22 | F12: 7 | G12: 89.09 | H12: 68.52 | I12: 5 | J12: 0 | K12: 55.5
A14: Tổng hợp theo chiến lược (công thức)
A15: Chiến lược | D15: Khối TB | E15: Trạng thái TB | G15: Phủ dòng TB (%) | H15: Nhánh được đi TB (%) | I15: Số loại lỗi TB | J15: Hang (tổng) | K15: Thời gian TB (giây)
A16: Black-box (toàn miền) | D16: =AVERAGEIF($A$4:$A$12,$A16,D$4:D$12) -> 56 | E16: =AVERAGEIF($A$4:$A$12,$A16,E$4:E$12) -> 9.6666667 | G16: =AVERAGEIF($A$4:$A$12,$A16,G$4:G$12) -> 70.91 | H16: =AVERAGEIF($A$4:$A$12,$A16,H$4:H$12) -> 43.823333 | I16: =AVERAGEIF($A$4:$A$12,$A16,I$4:I$12) -> 2 | J16: =SUMIF($A$4:$A$12,$A16,J$4:J$12) -> 0 | K16: =AVERAGEIF($A$4:$A$12,$A16,K$4:K$12) -> 160.76667
A17: Black-box (bounded) | D17: =AVERAGEIF($A$4:$A$12,$A17,D$4:D$12) -> 56 | E17: =AVERAGEIF($A$4:$A$12,$A17,E$4:E$12) -> 7 | G17: =AVERAGEIF($A$4:$A$12,$A17,G$4:G$12) -> 70.91 | H17: =AVERAGEIF($A$4:$A$12,$A17,H$4:H$12) -> 44.44 | I17: =AVERAGEIF($A$4:$A$12,$A17,I$4:I$12) -> 2 | J17: =SUMIF($A$4:$A$12,$A17,J$4:J$12) -> 0 | K17: =AVERAGEIF($A$4:$A$12,$A17,K$4:K$12) -> 127.8
A18: White-box (coverage-guided) | D18: =AVERAGEIF($A$4:$A$12,$A18,D$4:D$12) -> 73.333333 | E18: =AVERAGEIF($A$4:$A$12,$A18,E$4:E$12) -> 22 | G18: =AVERAGEIF($A$4:$A$12,$A18,G$4:G$12) -> 90 | H18: =AVERAGEIF($A$4:$A$12,$A18,H$4:H$12) -> 66.666667 | I18: =AVERAGEIF($A$4:$A$12,$A18,I$4:I$12) -> 5.3333333 | J18: =SUMIF($A$4:$A$12,$A18,J$4:J$12) -> 0 | K18: =AVERAGEIF($A$4:$A$12,$A18,K$4:K$12) -> 55.7
A20: Mốc so sánh: chỉ chạy seed hợp lệ | G20: 68.18 | H20: 35.19
A21: White-box − Black-box toàn miền (điểm %) | C21: Khối cơ bản: tăng | D21: =D18/D16-1 -> 0.30952381 | G21: =G18-G16 -> 19.09 | H21: =H18-H16 -> 22.843333
A23: Lần chạy đầu tiên phát hiện từng lỗi (– = không tìm thấy trong 3.000 lần)
A24: Lỗi (hàm) | B24: CWE | C24: Black-box toàn miền s1 | D24: Black-box toàn miền s2 | E24: Black-box toàn miền s3 | F24: Black-box bounded s1 | G24: Black-box bounded s2 | H24: Black-box bounded s3 | I24: White-box WB s1 | J24: White-box WB s2 | K24: White-box WB s3
A25: BUG-01 parse_student_id | B25: CWE-120 | C25: 3 | D25: 2 | E25: 1 | F25: 5 | G25: 2 | H25: 2 | I25: 24 | J25: 54 | K25: 18
A26: BUG-07 telemetry_byte_counter (UBSan) | B26: CWE-190 | C26: 2 | D26: 7 | E26: 27 | F26: 1 | G26: 3 | H26: 1 | I26: 7 | J26: 225 | K26: 130
A27: BUG-06 release_session_buffer | B27: CWE-416 | C27: – | D27: – | E27: – | F27: – | G27: – | H27: – | I27: 46 | J27: 265 | K27: 70
A28: BUG-02 check_status_magic | B28: CWE-120 | C28: – | D28: – | E28: – | F28: – | G28: – | H28: – | I28: 97 | J28: 189 | K28: 96
A29: BUG-05 close_session | B29: CWE-415 | C29: – | D29: – | E29: – | F29: – | G29: – | H29: – | I29: 110 | J29: 237 | K29: 93
A30: BUG-03 device_unlock_code | B30: CWE-476 | C30: – | D30: – | E30: – | F30: – | G30: – | H30: – | I30: 1975 | J30: – | K30: –
A31: BUG-04 write_log_entry | B31: CWE-401 | C31: – | D31: – | E31: – | F31: – | G31: – | H31: – | I31: – | J31: – | K31: – | L31: Cần malloc thất bại – không kích hoạt được bằng payload
